Total Device Summary,,,,,,
Start Date:,9/25/2026,,,,,
End Date:,10/2/2026,,,,,
,,,,,,
Devices,Applications,Transactions,BP Prints,Bag Tag Prints,Passport Scans,BP Scans
KKCR1SC01,AK_AIRASIACUSSCLIENT,2610,1697,0,0,178
KKCR1SC01,SL_SABREKIOSK,685,549,0,54,659
KKCR1SC01,TG_CKC,603,504,0,171,107
KKCR1SC01,VZ_RES2KIOSK_PROD_VZ,915,657,0,127,269
KKCR1SC02,AK_AIRASIACUSSCLIENT,1085,647,0,4,141
KKCR1SC02,SL_SABREKIOSK,323,228,0,22,226
KKCR1SC02,TG_CKC,223,177,0,40,28
KKCR1SC02,VZ_RES2KIOSK_PROD_VZ,361,279,0,49,88
KKCR1SC05,AK_AIRASIACUSSCLIENT,359,186,0,2,36
KKCR1SC05,SL_SABREKIOSK,181,119,0,26,148
KKCR1SC05,TG_CKC,178,125,0,76,22
KKCR1SC05,VZ_RES2KIOSK_PROD_VZ,225,145,0,48,38
KKCR1SC03,AK_AIRASIACUSSCLIENT,1098,666,0,10,95
KKCR1SC03,SL_SABREKIOSK,365,279,0,30,249
KKCR1SC03,TG_CKC,326,252,0,111,39
KKCR1SC03,VZ_RES2KIOSK_PROD_VZ,477,360,0,61,104
KKCR1SC06,AK_AIRASIACUSSCLIENT,194,83,0,0,36
KKCR1SC06,SL_SABREKIOSK,118,52,0,18,78
KKCR1SC06,TG_CKC,77,53,0,41,46
KKCR1SC06,VZ_RES2KIOSK_PROD_VZ,119,72,0,12,19
KKCR1SC07,AK_AIRASIACUSSCLIENT,162,63,0,0,5
KKCR1SC07,SL_SABREKIOSK,103,36,0,0,4
KKCR1SC07,TG_CKC,108,65,0,78,83
KKCR1SC07,VZ_RES2KIOSK_PROD_VZ,111,62,0,28,24
KKCR1SC08,AK_AIRASIACUSSCLIENT,169,83,0,0,22
KKCR1SC08,SL_SABREKIOSK,97,26,0,4,13
KKCR1SC08,TG_CKC,128,104,0,70,69
KKCR1SC08,VZ_RES2KIOSK_PROD_VZ,133,69,0,32,23
KKCR1SC11,AK_AIRASIACUSSCLIENT,95,44,0,0,13
KKCR1SC11,SL_SABREKIOSK,53,12,0,3,4
KKCR1SC11,TG_CKC,34,21,0,4,4
KKCR1SC11,VZ_RES2KIOSK_PROD_VZ,26,14,0,0,6
KKCR1SC09,AK_AIRASIACUSSCLIENT,160,80,0,0,16
KKCR1SC09,SL_SABREKIOSK,81,19,0,0,69
KKCR1SC09,TG_CKC,115,89,0,45,45
KKCR1SC09,VZ_RES2KIOSK_PROD_VZ,72,35,0,13,12
KKCR1SC04,AK_AIRASIACUSSCLIENT,386,227,0,0,21
KKCR1SC04,SL_SABREKIOSK,175,116,0,11,83
KKCR1SC04,TG_CKC,120,80,0,54,30
KKCR1SC04,VZ_RES2KIOSK_PROD_VZ,217,147,0,25,67
URTR1SC02,AK_AIRASIACUSSCLIENT,813,455,0,2,87
URTR1SC02,SL_SABREKIOSK,620,471,0,54,290
URTR1SC02,TG_CKC,0,0,0,0,0
URTR1SC02,VZ_RES2KIOSK_PROD_VZ,591,464,0,116,131
URTR1SC01,AK_AIRASIACUSSCLIENT,1422,797,0,14,99
URTR1SC01,SL_SABREKIOSK,986,819,0,93,628
URTR1SC01,TG_CKC,0,0,0,0,0
URTR1SC01,VZ_RES2KIOSK_PROD_VZ,941,782,0,169,224
URTR1SC03,AK_AIRASIACUSSCLIENT,703,411,0,2,44
URTR1SC03,SL_SABREKIOSK,532,365,0,55,248
URTR1SC03,TG_CKC,0,0,0,0,0
URTR1SC03,VZ_RES2KIOSK_PROD_VZ,462,373,0,83,107
URTR1SC08,AK_AIRASIACUSSCLIENT,213,80,0,0,28
URTR1SC08,SL_SABREKIOSK,277,76,0,13,103
URTR1SC08,TG_CKC,0,0,0,0,0
URTR1SC08,VZ_RES2KIOSK_PROD_VZ,145,72,0,38,53
URTR1SC04,AK_AIRASIACUSSCLIENT,479,254,0,2,44
URTR1SC04,SL_SABREKIOSK,404,260,0,37,217
URTR1SC04,TG_CKC,0,0,0,0,0
URTR1SC04,VZ_RES2KIOSK_PROD_VZ,411,298,0,93,125
URTR1SC07,AK_AIRASIACUSSCLIENT,197,104,0,2,8
URTR1SC07,SL_SABREKIOSK,278,116,0,33,164
URTR1SC07,TG_CKC,0,0,0,0,0
URTR1SC07,VZ_RES2KIOSK_PROD_VZ,220,141,0,39,61
URTR1SC06,AK_AIRASIACUSSCLIENT,289,112,0,6,47
URTR1SC06,SL_SABREKIOSK,277,145,0,21,126
URTR1SC06,TG_CKC,0,0,0,0,0
URTR1SC06,VZ_RES2KIOSK_PROD_VZ,220,152,0,53,43
URTR1SC05,AK_AIRASIACUSSCLIENT,382,192,0,1,35
URTR1SC05,SL_SABREKIOSK,341,223,0,31,244
URTR1SC05,TG_CKC,0,0,0,0,0
URTR1SC05,VZ_RES2KIOSK_PROD_VZ,279,194,0,74,73
URTR1SC10,AK_AIRASIACUSSCLIENT,381,141,0,1,41
URTR1SC10,SL_SABREKIOSK,379,142,0,18,157
URTR1SC10,TG_CKC,0,0,0,0,0
URTR1SC10,VZ_RES2KIOSK_PROD_VZ,248,180,0,61,53
URTR1SC09,AK_AIRASIACUSSCLIENT,202,73,0,4,28
URTR1SC09,SL_SABREKIOSK,283,66,0,21,89
URTR1SC09,TG_CKC,0,0,0,0,0
URTR1SC09,VZ_RES2KIOSK_PROD_VZ,132,77,0,35,27
UBPR1SC06,AK_AIRASIACUSSCLIENT,626,387,0,0,27
UBPR1SC06,SL_SABREKIOSK,228,154,0,8,135
UBPR1SC06,TG_CKC,140,111,0,34,34
UBPR1SC06,VZ_RES2KIOSK_PROD_VZ,519,405,0,68,150
UBPR1SC08,AK_AIRASIACUSSCLIENT,348,205,0,0,5
UBPR1SC08,SL_SABREKIOSK,131,86,0,9,72
UBPR1SC08,TG_CKC,67,56,0,38,10
UBPR1SC08,VZ_RES2KIOSK_PROD_VZ,283,236,0,55,75
UBPR1SC07,AK_AIRASIACUSSCLIENT,454,272,0,0,37
UBPR1SC07,SL_SABREKIOSK,149,103,0,6,164
UBPR1SC07,TG_CKC,89,80,0,49,17
UBPR1SC07,VZ_RES2KIOSK_PROD_VZ,386,336,0,66,89
UBPR1SC01,AK_AIRASIACUSSCLIENT,286,153,0,0,16
UBPR1SC01,SL_SABREKIOSK,122,58,0,5,33
UBPR1SC01,TG_CKC,71,32,0,18,14
UBPR1SC01,VZ_RES2KIOSK_PROD_VZ,253,204,0,21,79
UBPR1SC04,AK_AIRASIACUSSCLIENT,167,79,0,0,14
UBPR1SC04,SL_SABREKIOSK,80,32,0,8,42
UBPR1SC04,TG_CKC,45,23,0,16,3
UBPR1SC04,VZ_RES2KIOSK_PROD_VZ,106,66,0,10,23
UBPR1SC03,AK_AIRASIACUSSCLIENT,141,68,0,0,4
UBPR1SC03,SL_SABREKIOSK,78,48,0,6,52
UBPR1SC03,TG_CKC,37,14,0,9,0
UBPR1SC03,VZ_RES2KIOSK_PROD_VZ,136,90,0,26,29
UBPR1SC02,AK_AIRASIACUSSCLIENT,174,75,0,0,9
UBPR1SC02,SL_SABREKIOSK,95,60,0,2,78
UBPR1SC02,TG_CKC,41,19,0,24,24
UBPR1SC02,VZ_RES2KIOSK_PROD_VZ,161,114,0,30,58
NSTR1SC01,AK_AIRASIACUSSCLIENT,217,130,0,0,3
NSTR1SC01,SL_SABREKIOSK,92,68,0,2,113
NSTR1SC01,VZ_RES2KIOSK_PROD_VZ,49,32,0,0,8
NSTR1SC02,AK_AIRASIACUSSCLIENT,71,43,0,0,7
NSTR1SC02,SL_SABREKIOSK,43,22,0,0,3
NSTR1SC02,VZ_RES2KIOSK_PROD_VZ,14,6,0,0,5
NSTR1SC03,AK_AIRASIACUSSCLIENT,282,175,0,0,54
NSTR1SC03,SL_SABREKIOSK,165,162,0,0,88
NSTR1SC03,VZ_RES2KIOSK_PROD_VZ,56,46,0,6,16
NSTR1SC06,AK_AIRASIACUSSCLIENT,366,212,0,0,58
NSTR1SC06,SL_SABREKIOSK,1848,2305,0,11,669
NSTR1SC06,VZ_RES2KIOSK_PROD_VZ,194,169,0,7,55
NSTR1SC07,AK_AIRASIACUSSCLIENT,274,150,0,0,14
NSTR1SC07,SL_SABREKIOSK,1127,1258,0,11,591
NSTR1SC07,VZ_RES2KIOSK_PROD_VZ,170,131,0,0,47
NSTR1SC08,AK_AIRASIACUSSCLIENT,287,184,0,0,54
NSTR1SC08,SL_SABREKIOSK,748,806,0,12,633
NSTR1SC08,VZ_RES2KIOSK_PROD_VZ,131,111,0,10,32
NSTR1SC09,AK_AIRASIACUSSCLIENT,218,118,0,0,52
NSTR1SC09,SL_SABREKIOSK,460,424,0,8,412
NSTR1SC09,VZ_RES2KIOSK_PROD_VZ,95,84,0,3,25
NSTR1SC04,AK_AIRASIACUSSCLIENT,299,150,0,0,18
NSTR1SC04,SL_SABREKIOSK,129,112,0,2,101
NSTR1SC04,VZ_RES2KIOSK_PROD_VZ,48,34,0,8,12
NSTR1SC10,AK_AIRASIACUSSCLIENT,99,53,0,0,1
NSTR1SC10,SL_SABREKIOSK,226,206,0,6,301
NSTR1SC10,VZ_RES2KIOSK_PROD_VZ,57,62,0,2,11
NSTR1SC11,AK_AIRASIACUSSCLIENT,269,199,0,0,52
NSTR1SC11,SL_SABREKIOSK,554,541,0,8,843
NSTR1SC11,VZ_RES2KIOSK_PROD_VZ,196,195,0,2,51
UBPR1SC05,AK_AIRASIACUSSCLIENT,200,88,0,0,27
UBPR1SC05,SL_SABREKIOSK,91,52,0,7,39
UBPR1SC05,TG_CKC,51,23,0,6,5
UBPR1SC05,VZ_RES2KIOSK_PROD_VZ,174,123,0,26,46
NSTR1SC05,AK_AIRASIACUSSCLIENT,348,177,0,0,5
NSTR1SC05,SL_SABREKIOSK,96,62,0,0,58
NSTR1SC05,VZ_RES2KIOSK_PROD_VZ,55,37,0,2,10
KBVR1SCB07,AK_AIRASIACUSSCLIENT,520,243,0,55,106
KBVR1SCB07,PG_CKC,49,10,7,35,16
KBVR1SCB07,SL_SABREKIOSK,342,287,0,83,168
KBVR1SCB07,TG_CKC,54,42,16,19,6
KBVR1SCB07,VZ_RES2KIOSK_PROD_VZ,277,164,0,63,75
KBVR1SCB04,AK_AIRASIACUSSCLIENT,745,376,0,76,62
KBVR1SCB04,PG_CKC,41,7,6,15,6
KBVR1SCB04,SL_SABREKIOSK,364,313,0,75,140
KBVR1SCB04,TG_CKC,96,56,19,80,50
KBVR1SCB04,VZ_RES2KIOSK_PROD_VZ,492,251,0,118,122
KBVR1SCB05,AK_AIRASIACUSSCLIENT,477,226,0,47,78
KBVR1SCB05,PG_CKC,32,6,3,18,5
KBVR1SCB05,SL_SABREKIOSK,294,218,0,79,102
KBVR1SCB05,TG_CKC,52,31,16,35,9
KBVR1SCB05,VZ_RES2KIOSK_PROD_VZ,271,142,0,73,33
KBVR1SCB06,AK_AIRASIACUSSCLIENT,427,208,0,32,51
KBVR1SCB06,PG_CKC,36,12,10,29,7
KBVR1SCB06,SL_SABREKIOSK,316,236,0,50,89
KBVR1SCB06,TG_CKC,58,25,11,20,11
KBVR1SCB06,VZ_RES2KIOSK_PROD_VZ,233,150,0,58,53
KBVR1SCB08,AK_AIRASIACUSSCLIENT,948,409,0,80,82
KBVR1SCB08,PG_CKC,74,22,13,47,29
KBVR1SCB08,SL_SABREKIOSK,511,442,0,86,184
KBVR1SCB08,TG_CKC,104,74,27,46,11
KBVR1SCB08,VZ_RES2KIOSK_PROD_VZ,560,338,0,144,144
KBVR1SCB03,AK_AIRASIACUSSCLIENT,612,328,0,138,33
KBVR1SCB03,PG_CKC,62,20,7,50,21
KBVR1SCB03,SL_SABREKIOSK,265,219,0,63,113
KBVR1SCB03,TG_CKC,97,58,26,69,23
KBVR1SCB03,VZ_RES2KIOSK_PROD_VZ,369,191,0,127,159
KBVR1SCB01,AK_AIRASIACUSSCLIENT,1038,575,0,170,62
KBVR1SCB01,PG_CKC,79,29,9,37,11
KBVR1SCB01,SL_SABREKIOSK,387,356,0,91,199
KBVR1SCB01,TG_CKC,120,69,30,73,32
KBVR1SCB01,VZ_RES2KIOSK_PROD_VZ,639,420,0,184,187
KBVR1SCB02,AK_AIRASIACUSSCLIENT,742,405,0,122,51
KBVR1SCB02,PG_CKC,63,31,27,41,15
KBVR1SCB02,SL_SABREKIOSK,287,221,0,51,117
KBVR1SCB02,TG_CKC,91,58,30,71,34
KBVR1SCB02,VZ_RES2KIOSK_PROD_VZ,400,240,0,132,89
KBVR1SCB10,AK_AIRASIACUSSCLIENT,63,18,0,6,3
KBVR1SCB10,PG_CKC,9,1,0,2,0
KBVR1SCB10,SL_SABREKIOSK,24,9,0,4,6
KBVR1SCB10,TG_CKC,13,4,2,8,2
KBVR1SCB10,VZ_RES2KIOSK_PROD_VZ,51,23,0,8,10
KBVR1SCB12,AK_AIRASIACUSSCLIENT,104,39,0,15,17
KBVR1SCB12,PG_CKC,12,1,0,0,1
KBVR1SCB12,SL_SABREKIOSK,47,27,0,9,5
KBVR1SCB12,TG_CKC,18,1,0,7,0
KBVR1SCB12,VZ_RES2KIOSK_PROD_VZ,100,42,0,32,13
KBVR1SCB09,AK_AIRASIACUSSCLIENT,771,412,0,145,49
KBVR1SCB09,PG_CKC,61,43,47,49,21
KBVR1SCB09,SL_SABREKIOSK,278,229,0,68,86
KBVR1SCB09,TG_CKC,116,82,21,104,27
KBVR1SCB09,VZ_RES2KIOSK_PROD_VZ,451,234,0,174,124
KBVR1SCB11,AK_AIRASIACUSSCLIENT,43,17,0,3,0
KBVR1SCB11,PG_CKC,7,0,0,3,0
KBVR1SCB11,SL_SABREKIOSK,33,15,0,9,0
KBVR1SCB11,TG_CKC,11,1,2,4,1
KBVR1SCB11,VZ_RES2KIOSK_PROD_VZ,56,31,0,18,1
TSTR1SCN06,AK_AIRASIACUSSCLIENT,136,68,0,0,16
TSTR1SCN06,SL_SABREKIOSK,177,104,0,3,94
TSTR1SCN06,TG_CKC,0,0,0,0,0
TSTR1SCN06,VZ_RES2KIOSK_PROD_VZ,0,0,0,0,0
TSTR1SCN07,AK_AIRASIACUSSCLIENT,172,75,0,0,10
TSTR1SCN07,SL_SABREKIOSK,165,88,0,3,67
TSTR1SCN07,TG_CKC,0,0,0,0,0
TSTR1SCN07,VZ_RES2KIOSK_PROD_VZ,0,0,0,0,0
TSTR1SCN02,AK_AIRASIACUSSCLIENT,318,155,0,0,17
TSTR1SCN02,SL_SABREKIOSK,936,755,0,5,168
TSTR1SCN02,TG_CKC,0,0,0,0,0
TSTR1SCN02,VZ_RES2KIOSK_PROD_VZ,0,0,0,0,0
TSTR1SCN04,AK_AIRASIACUSSCLIENT,283,145,0,0,20
TSTR1SCN04,SL_SABREKIOSK,1232,1240,0,1,155
TSTR1SCN04,TG_CKC,0,0,0,0,0
TSTR1SCN04,VZ_RES2KIOSK_PROD_VZ,0,0,0,0,0
TSTR1SCN03,AK_AIRASIACUSSCLIENT,259,137,0,0,13
TSTR1SCN03,SL_SABREKIOSK,1211,1226,0,0,225
TSTR1SCN03,TG_CKC,0,0,0,0,0
TSTR1SCN03,VZ_RES2KIOSK_PROD_VZ,0,0,0,0,0
TSTR1SCN01,AK_AIRASIACUSSCLIENT,397,228,0,0,28
TSTR1SCN01,SL_SABREKIOSK,715,489,0,0,174
TSTR1SCN01,TG_CKC,0,0,0,0,0
TSTR1SCN01,VZ_RES2KIOSK_PROD_VZ,0,0,0,0,0
TSTR1SCN05,AK_AIRASIACUSSCLIENT,229,111,0,0,17
TSTR1SCN05,SL_SABREKIOSK,216,134,0,3,135
TSTR1SCN05,TG_CKC,0,0,0,0,0
TSTR1SCN05,VZ_RES2KIOSK_PROD_VZ,0,0,0,0,0
KBVR1SCB11,DK_DKKIOSK,38,0,0,1,0
KBVR1SCB11,AY_CKC,22,0,0,1,0
URTR1SC08,DEMO_KM_OOS,1,0,0,0,0
PHSR1SC02,AK_AIRASIACUSSCLIENT,161,91,0,0,7
PHSR1SC02,SL_SABREKIOSK,338,304,0,1,32
PHSR1SC02,TG_CKC,0,0,0,0,0
PHSR1SC01,AK_AIRASIACUSSCLIENT,161,83,0,0,14
PHSR1SC01,SL_SABREKIOSK,473,495,0,8,74
PHSR1SC01,TG_CKC,0,0,0,0,0
PHSR1SC03,AK_AIRASIACUSSCLIENT,885,552,0,0,41
PHSR1SC03,SL_SABREKIOSK,237,195,0,17,134
PHSR1SC03,TG_CKC,0,0,0,0,0
PHSR1SC04,AK_AIRASIACUSSCLIENT,568,320,0,0,51
PHSR1SC04,SL_SABREKIOSK,216,168,0,9,103
PHSR1SC04,TG_CKC,0,0,0,0,0
PHSR1SC05,AK_AIRASIACUSSCLIENT,341,171,0,0,15
PHSR1SC05,SL_SABREKIOSK,107,69,0,2,39
PHSR1SC05,TG_CKC,0,0,0,0,0
KBVR1SCB12,AY_CKC,13,0,0,0,0
KBVR1SCB12,DK_DKKIOSK,17,0,0,2,0
KBVR1SCB07,AY_CKC,0,0,0,0,0
KBVR1SCB07,DK_DKKIOSK,1,0,0,0,0
KBVR1SCB04,AY_CKC,1,0,0,0,0
KBVR1SCB04,DEMO_KM_OOS,1,0,0,0,0
KBVR1SCB04,DK_DKKIOSK,0,0,0,0,0
KBVR1SCB05,AY_CKC,1,0,0,0,0
KBVR1SCB05,DK_DKKIOSK,1,0,0,0,0
KBVR1SCB06,AY_CKC,2,0,0,0,0
KBVR1SCB06,DK_DKKIOSK,0,0,0,0,0
KBVR1SCB08,AY_CKC,2,0,0,0,0
KBVR1SCB08,DK_DKKIOSK,1,0,0,0,0
KBVR1SCB03,AY_CKC,3,0,0,0,0
KBVR1SCB03,DK_DKKIOSK,2,0,0,0,0
KBVR1SCB01,AY_CKC,0,0,0,0,0
KBVR1SCB01,DK_DKKIOSK,2,0,0,0,0
KBVR1SCB02,AY_CKC,0,0,0,0,0
KBVR1SCB02,DK_DKKIOSK,1,0,0,0,0
KBVR1SCB10,AY_CKC,2,0,0,0,0
KBVR1SCB10,DK_DKKIOSK,0,0,0,0,0
KBVR1SCB09,AY_CKC,2,0,0,0,0
KBVR1SCB09,DK_DKKIOSK,3,0,0,0,0
